grupo,center_lat,center_lon
1,41.644491,-0.762052
2,41.644491,-0.762052
3,41.644491,-0.762052