grupo,center_lat,center_lon
1,41.643453,-0.763107
2,41.643486,-0.763139
3,41.643509,-0.763112